<?xml version="1.0" encoding="UTF-8" standalone="yes"?>
<addon id="plugin.video.Weebay" name="1337x" version="1.0.0" provider-name="WeebayModz">
    <requires>
        <import addon="xbmc.python" version="3.0.0"/>
        <import addon="script.module.requests" version="2.22.0"/>
        <import addon="script.module.beautifulsoup4" version="4.9.3"/>
    </requires>
    <extension point="xbmc.python.pluginsource" library="default.py">
        <provides>video</provides>
    </extension>
    <extension point="xbmc.addon.metadata">
        <summary lang="en">1337x Torrent Browser made by Dom</summary>
        <description lang="en">Browse and search content from 1337x.to</description>
        <disclaimer lang="en">The authors do not host or distribute any content. Use at your own risk.</disclaimer>
        <platform>all</platform>
        <license>GPL-3.0</license>
        <website>https://1337x.to/</website>
        <assets>
            <icon>icon.png</icon>
            <fanart>fanart.jpg</fanart>
        </assets>
    </extension>
</addon>
