<?xml version="1.0" encoding="UTF-8" standalone="yes"?>
<addon id="repository.weebay" name="Weebay Repository" version="1.0.0" provider-name="WeebayModz">
    <extension point="xbmc.addon.repository" name="Weebay Repository">
        <dir>
            <info compressed="false">https://weebaymodz.github.io/testrepo/addons.xml</info>
            <checksum>https://weebaymodz.github.io/testrepo/addons.xml.md5</checksum>
            <datadir zip="true">https://weebaymodz.github.io/testrepo/</datadir>
        </dir>
    </extension>
    <extension point="xbmc.addon.metadata">
        <summary>Weebay Repository</summary>
        <description>Repository for Weebay's Kodi addons</description>
        <platform>all</platform>
        <assets>
            <icon>icon.png</icon>
            <fanart>fanart.jpg</fanart>
        </assets>
    </extension>
</addon>